[{"model": "mainapp.productcategory", "pk": 1, "fields": {"name": "\u0434\u043e\u043c", "description": "\u043e\u0442\u043b\u0438\u0447\u043d\u0430\u044f \u043c\u0435\u0431\u0435\u043b\u044c \u0434\u043b\u044f \u0434\u043e\u043c\u0430\u0448\u043d\u0435\u0433\u043e \u0438\u043d\u0442\u0435\u0440\u044c\u0435\u0440\u0430.", "is_active": true}}, {"model": "mainapp.productcategory", "pk": 2, "fields": {"name": "\u043e\u0444\u0438\u0441", "description": "\u0441\u0442\u0438\u043b\u044c\u043d\u0430\u044f \u0438 \u043d\u0430\u0434\u0435\u0436\u043d\u0430\u044f \u043e\u0444\u0438\u0441\u043d\u0430\u044f \u043c\u0435\u0431\u0435\u043b\u044c \u043d\u043e\u0432\u043e\u0433\u043e \u043f\u043e\u043a\u043e\u043b\u0435\u043d\u0438\u044f.", "is_active": true}}, {"model": "mainapp.productcategory", "pk": 3, "fields": {"name": "\u043c\u043e\u0434\u0435\u0440\u043d", "description": "\u043c\u0435\u0431\u0435\u043b\u044c \u0432 \u0441\u0442\u0438\u043b\u0435 \u041c\u041e\u0414\u0415\u0420\u041d \u043f\u043e\u0434\u043e\u0439\u0434\u0435\u0442 \u0434\u043b\u044f \u043b\u044e\u0431\u043e\u0433\u043e \u0438\u043d\u0442\u0435\u0440\u044c\u0435\u0440\u0430.", "is_active": true}}, {"model": "mainapp.productcategory", "pk": 4, "fields": {"name": "\u043a\u043b\u0430\u0441\u0441\u0438\u043a\u0430", "description": "\u041d\u0443 \u043a\u043b\u0430\u0441\u0441\u0438\u043a\u0430 \u0436\u0435.", "is_active": true}}, {"model": "mainapp.productcategory", "pk": 5, "fields": {"name": "New", "description": "sdfsdf11111111", "is_active": false}}, {"model": "mainapp.productcategory", "pk": 6, "fields": {"name": "r", "description": "rfrftg4", "is_active": false}}, {"model": "mainapp.productcategory", "pk": 7, "fields": {"name": "test102", "description": "test101test101", "is_active": false}}, {"model": "mainapp.product", "pk": 1, "fields": {"category": 1, "name": "\u043a\u043e\u043c\u0444\u043e\u0440\u0442 1", "image": "products_images/product-1.jpg", "short_desc": "\u043a\u043e\u043c\u0444\u043e\u0440\u0442\u043d\u044b\u0439 \u0441\u0442\u0443\u043b", "description": "\u043f\u043e\u0434\u043e\u0439\u0434\u0435\u0442 \u0434\u043b\u044f \u043f\u0440\u043e\u0441\u043c\u043e\u0442\u0440\u0430 \u0444\u0438\u043b\u044c\u043c\u043e\u0432", "price": "2989.52", "quantity": 31, "is_active": true}}, {"model": "mainapp.product", "pk": 2, "fields": {"category": 1, "name": "\u043a\u043e\u043c\u0444\u043e\u0440\u0442 2", "image": "products_images/product-2.jpg", "short_desc": "\u043e\u0447\u0435\u043d\u044c \u043a\u043e\u043c\u0444\u043e\u0440\u0442\u043d\u044b\u0439 \u0441\u0442\u0443\u043b", "description": "\u043f\u043e\u0434\u043e\u0439\u0434\u0435\u0442 \u0434\u043b\u044f \u043e\u0431\u0449\u0435\u043d\u0438\u044f \u0441 \u0434\u0440\u0443\u0437\u044c\u044f\u043c\u0438", "price": "3687.20", "quantity": 26, "is_active": true}}, {"model": "mainapp.product", "pk": 3, "fields": {"category": 1, "name": "\u043b\u044e\u043a\u0441", "image": "products_images/product-3.jpg", "short_desc": "\u0438\u0441\u043f\u043e\u043b\u044c\u0437\u043e\u0432\u0430\u043d\u044b \u043f\u0440\u0435\u043c\u0438\u0430\u043b\u044c\u043d\u044b\u0435 \u043c\u0430\u0442\u0435\u0440\u0438\u0430\u043b\u044b", "description": "\u0434\u043b\u044f \u0442\u0435\u0445, \u043a\u0442\u043e \u0441\u0442\u0440\u0435\u043c\u0438\u0442\u0441\u044f \u043a \u043b\u0443\u0447\u0448\u0435\u043c\u0443", "price": "8158.00", "quantity": 18, "is_active": true}}, {"model": "mainapp.product", "pk": 4, "fields": {"category": 2, "name": "\u0441\u0442\u0430\u043d\u0434\u0430\u0440\u0442", "image": "products_images/product-11.jpg", "short_desc": "\u0443\u043d\u0438\u0432\u0435\u0440\u0441\u0430\u043b\u044c\u043d\u043e\u0435 \u0440\u0435\u0448\u0435\u043d\u0438\u0435", "description": "\u043f\u043e\u0434\u043e\u0439\u0434\u0435\u0442 \u0434\u043b\u044f \u043b\u044e\u0431\u043e\u0433\u043e \u043e\u0444\u0438\u0441\u0430", "price": "1895.25", "quantity": 31, "is_active": true}}, {"model": "mainapp.product", "pk": 5, "fields": {"category": 2, "name": "\u043f\u0440\u0435\u043c\u0438\u0443\u043c", "image": "products_images/product-5-sm.jpg", "short_desc": "\u0443\u043b\u0443\u0447\u0448\u0435\u043d\u043d\u044b\u0439 \u0434\u0438\u0437\u0430\u0439\u043d", "description": "\u0438\u0434\u0435\u0430\u043b\u044c\u043d\u043e \u0432\u043f\u0438\u0448\u0435\u0442\u0441\u044f \u0432 \u0441\u0442\u0440\u043e\u0433\u0438\u0439 \u0438\u043d\u0442\u0435\u0440\u044c\u0435\u0440 \u043e\u0444\u0438\u0441\u0430", "price": "3587.41", "quantity": 16, "is_active": true}}, {"model": "mainapp.product", "pk": 6, "fields": {"category": 3, "name": "\u043d\u043e\u0432\u0438\u043d\u043a\u0430", "image": "products_images/product-31.jpg", "short_desc": "\u0438\u043d\u043d\u043e\u0432\u0430\u0446\u0438\u043e\u043d\u043d\u044b\u0439 \u0434\u0438\u0437\u0430\u0439\u043d", "description": "\u043d\u0435\u0441\u0442\u0430\u043d\u0434\u0430\u0440\u0442\u043d\u043e\u0435 \u0440\u0435\u0448\u0435\u043d\u0438\u0435 \u0434\u043b\u044f \u0441\u043e\u0432\u0440\u0435\u043c\u0435\u043d\u043d\u043e\u0433\u043e \u0438\u043d\u0442\u0435\u0440\u044c\u0435\u0440\u0430", "price": "5361.47", "quantity": 20, "is_active": true}}, {"model": "mainapp.product", "pk": 7, "fields": {"category": 3, "name": "\u043f\u0440\u043e\u0433\u0440\u0435\u0441\u0441", "image": "products_images/product-21.jpg", "short_desc": "\u043f\u0440\u043e\u0433\u0440\u0435\u0441\u0441\u0438\u0432\u043d\u044b\u0439 \u0434\u0438\u0437\u0430\u0439\u043d", "description": "\u0444\u0443\u043d\u043a\u0446\u0438\u043e\u043d\u0430\u043b\u044c\u043d\u043e\u0435 \u0438 \u043a\u043e\u043c\u0444\u043e\u0440\u0442\u043d\u043e\u0435 \u0440\u0435\u0448\u0435\u043d\u0438\u0435", "price": "6789.33", "quantity": 16, "is_active": true}}, {"model": "mainapp.product", "pk": 8, "fields": {"category": 4, "name": "\u0432\u0435\u043d\u0435\u0446\u0438\u044f", "image": "products_images/product-4.jpg", "short_desc": "\u043a\u043b\u0430\u0441\u0441\u0438\u0447\u0435\u0441\u043a\u0438\u0435 \u0444\u043e\u0440\u043c\u044b", "description": "\u043e\u043a\u0443\u043d\u0438\u0442\u0435\u0441\u044c \u0432 \u0435\u0432\u0440\u043e\u043f\u0435\u0439\u0441\u043a\u0438\u0439 \u043a\u043e\u043c\u0444\u043e\u0440\u0442", "price": "4147.51", "quantity": 25, "is_active": true}}, {"model": "mainapp.product", "pk": 9, "fields": {"category": 4, "name": "\u0442\u043e\u0441\u043a\u0430\u043d\u0430", "image": "products_images/product-3-sm.jpg", "short_desc": "\u044d\u0440\u0433\u043e\u043d\u043e\u043c\u0438\u0447\u043d\u0430\u044f \u0441\u043f\u0438\u043d\u043a\u0430", "description": "\u043f\u043e\u0447\u0443\u0432\u0441\u0442\u0432\u0443\u0439\u0442\u0435 \u043a\u043e\u043c\u0444\u043e\u0440\u0442 \u0438 \u043d\u0430\u0441\u043b\u0430\u0434\u0438\u0442\u0435\u0441\u044c \u0446\u0432\u0435\u0442\u043e\u0432\u043e\u0439 \u0433\u0430\u043c\u043c\u043e\u0439", "price": "7147.35", "quantity": 19, "is_active": true}}, {"model": "mainapp.product", "pk": 10, "fields": {"category": 5, "name": "newww", "image": "", "short_desc": "\u0421\u0443\u043f\u0435\u0440 \u043a\u0430\u0442\u0435\u0433\u043e\u0440\u0438\u044f \u043d\u0438\u0447\u0435\u0433\u043e", "description": "\u041d\u0430\u0438\u043b\u0443\u0447\u0448\u0435\u0435 \u0441\u043e\u0447\u0435\u0442\u0430\u043d\u0438\u0435 \u043d\u0438\u0447\u0435\u0433\u043e \u0441 \u043d\u0438\u0447\u0435\u043c", "price": "5000.00", "quantity": 1, "is_active": false}}, {"model": "mainapp.product", "pk": 11, "fields": {"category": 1, "name": "\u0421\u0442\u0443\u043b 4", "image": "products_images/product-51.jpg", "short_desc": "\u043a\u0440\u0430\u0441\u043d\u044b\u0439 \u0441\u0442\u0443\u043b", "description": "\u0423\u0434\u043e\u0431\u043d\u0435\u0439\u0448\u0438\u0439 \u043a\u0440\u0430\u0441\u043d\u044b\u0439 \u0441\u0442\u0443\u043b", "price": "4568.60", "quantity": 2, "is_active": true}}, {"model": "mainapp.product", "pk": 12, "fields": {"category": 1, "name": "\u0441\u0442\u043e\u043b\u043b\u043b", "image": "products_images/product-61.jpg", "short_desc": "\u0445\u043e\u0440\u043e\u0448\u0438\u0439 \u0441\u0442\u043e\u043b", "description": "\u043e\u0447\u0435\u043d\u044c \u0445\u043e\u0440\u043e\u0448\u0438\u0439 \u0441\u0442\u043e\u043b", "price": "32516.88", "quantity": 1, "is_active": true}}, {"model": "mainapp.product", "pk": 13, "fields": {"category": 3, "name": "test101", "image": "", "short_desc": "test101test101", "description": "test101test101test101", "price": "10000.00", "quantity": 1, "is_active": false}}, {"model": "mainapp.product", "pk": 14, "fields": {"category": 6, "name": "test101", "image": "", "short_desc": "1", "description": "1", "price": "12.00", "quantity": 1, "is_active": false}}, {"model": "mainapp.product", "pk": 15, "fields": {"category": 6, "name": "test101", "image": "", "short_desc": "2", "description": "2", "price": "1.00", "quantity": 1, "is_active": false}}, {"model": "mainapp.product", "pk": 16, "fields": {"category": 6, "name": "test", "image": "", "short_desc": "\u041a\u043e\u0440\u043e\u0447\u0435", "description": "\u041f\u0440\u044f\u043c \u043e\u043f\u0438\u0441\u0430\u043d\u0438\u0435 \u043f\u0440\u043e\u0434\u0443\u043a\u0442\u0430", "price": "1.00", "quantity": 1, "is_active": false}}, {"model": "mainapp.product", "pk": 17, "fields": {"category": 6, "name": "test", "image": "", "short_desc": "4", "description": "4", "price": "1.00", "quantity": 1, "is_active": false}}, {"model": "mainapp.product", "pk": 18, "fields": {"category": 6, "name": "test", "image": "", "short_desc": "5", "description": "5", "price": "100500.00", "quantity": 5, "is_active": false}}, {"model": "mainapp.product", "pk": 19, "fields": {"category": 4, "name": "\u041d\u043e\u0432\u044b\u0439 \u0441\u0442\u0443\u043b", "image": "", "short_desc": "\u0431\u0435\u0437 \u0441\u043b\u0435\u0434\u043e\u0432 \u0438\u0441\u043f\u043e\u043b\u044c\u0437\u043e\u0432\u0430\u043d\u0438\u044f", "description": "\u0421\u043e\u0432\u0435\u0440\u0448\u0435\u043d\u043d\u044b\u0439 \u0441\u0442\u0443\u043b", "price": "4000.00", "quantity": 14, "is_active": true}}, {"model": "mainapp.shop", "pk": 1, "fields": {"city": "\u041c\u043e\u0441\u043a\u0432\u0430", "phone": "9215555555", "email": "moscow@interior.ru", "address": "\u0421\u043e\u043b\u044f\u043d\u043e\u0439 \u043f\u0435\u0440\u0435\u0443\u043b\u043e\u043a, \u0434. 8"}}, {"model": "mainapp.shop", "pk": 2, "fields": {"city": "\u0412\u043e\u0440\u043e\u043d\u0435\u0436", "phone": "9296666666", "email": "voronezh@interior.ru", "address": "\u0443\u043b. \u041b\u0435\u043d\u0438\u043d\u0430, \u0434. 45"}}, {"model": "mainapp.shop", "pk": 3, "fields": {"city": "\u041f\u0435\u043d\u0437\u0430", "phone": "9317777777", "email": "penza@interior.ru", "address": "\u0443\u043b. \u041f\u0440\u0430\u0432\u0434\u044b, \u0434. 19"}}, {"model": "authapp.shopuser", "pk": 1, "fields": {"password": "pbkdf2_sha256$150000$swrGx6tp22OO$XnBhBw/vsctdQ9cDLvmtSdNAQqYf8t4vAh/X4dk7roQ=", "last_login": "2020-11-16T13:38:08.587Z", "is_superuser": true, "username": "django", "first_name": "\u0434\u0436\u0430\u043d\u0433\u043e", "last_name": "", "email": "", "is_staff": true, "is_active": true, "date_joined": "2020-09-30T17:17:52Z", "avatar": "users_avatars/django.jpg", "age": 35, "activation_key": "", "activation_key_expires": "2020-10-22T12:10:47.708Z", "groups": [], "user_permissions": []}}, {"model": "authapp.shopuser", "pk": 2, "fields": {"password": "pbkdf2_sha256$150000$oNzYYr31WBIg$KixcKLf8/v6s3nYbOrz4KG/9vplBOp3P+iymsk0Of1A=", "last_login": "2020-11-16T13:39:05.798Z", "is_superuser": false, "username": "kyerd", "first_name": "Yanis", "last_name": "Ka", "email": "yanis@gb.local", "is_staff": false, "is_active": true, "date_joined": "2020-09-30T19:37:29Z", "avatar": "users_avatars/batman.jpg", "age": 35, "activation_key": "", "activation_key_expires": "2020-10-22T12:10:47Z", "groups": [], "user_permissions": []}}, {"model": "authapp.shopuser", "pk": 5, "fields": {"password": "pbkdf2_sha256$150000$0B5NxiOWH1NM$TOaId0LusOj/YFX9DNq4cMfBXmHkhdtG9yChOxXmV4E=", "last_login": null, "is_superuser": false, "username": "Pep", "first_name": "Petr", "last_name": "", "email": "petr@petr.ru", "is_staff": false, "is_active": false, "date_joined": "2020-10-12T13:14:23Z", "avatar": "", "age": 44, "activation_key": "", "activation_key_expires": "2020-10-22T12:10:47.708Z", "groups": [], "user_permissions": []}}, {"model": "authapp.shopuser", "pk": 6, "fields": {"password": "pbkdf2_sha256$150000$ROVZMdPGRW78$5k9r98hAUSZf8LRgShEfTuTcmaLfaDpIqi869bqTcTg=", "last_login": null, "is_superuser": false, "username": "Pep1", "first_name": "pep", "last_name": "", "email": "pep@pep.ru", "is_staff": false, "is_active": false, "date_joined": "2020-10-14T12:08:50.865Z", "avatar": "", "age": 56, "activation_key": "", "activation_key_expires": "2020-10-22T12:10:47.708Z", "groups": [], "user_permissions": []}}, {"model": "authapp.shopuserprofile", "pk": 1, "fields": {"user": 1, "tagline": "", "about_me": "", "gender": "M"}}, {"model": "authapp.shopuserprofile", "pk": 2, "fields": {"user": 2, "tagline": "", "about_me": "", "gender": ""}}, {"model": "authapp.shopuserprofile", "pk": 3, "fields": {"user": 5, "tagline": "", "about_me": "", "gender": ""}}, {"model": "authapp.shopuserprofile", "pk": 4, "fields": {"user": 6, "tagline": "", "about_me": "", "gender": ""}}, {"model": "orderapp.order", "pk": 1, "fields": {"user": 1, "created": "2020-10-28T17:52:30.643Z", "updated": "2020-10-28T17:52:31.390Z", "status": "", "is_active": true}}, {"model": "orderapp.order", "pk": 2, "fields": {"user": 1, "created": "2020-10-28T18:11:39.835Z", "updated": "2020-10-28T18:11:40.866Z", "status": "", "is_active": true}}, {"model": "orderapp.order", "pk": 3, "fields": {"user": 1, "created": "2020-10-28T18:21:00.336Z", "updated": "2020-10-28T18:31:00.577Z", "status": "FM", "is_active": false}}, {"model": "orderapp.order", "pk": 4, "fields": {"user": 1, "created": "2020-10-28T19:13:13.455Z", "updated": "2020-10-28T19:14:09.310Z", "status": "FM", "is_active": false}}, {"model": "orderapp.order", "pk": 5, "fields": {"user": 1, "created": "2020-10-28T19:13:23.098Z", "updated": "2020-10-28T19:14:12.037Z", "status": "FM", "is_active": false}}, {"model": "orderapp.order", "pk": 6, "fields": {"user": 1, "created": "2020-10-28T19:13:37.382Z", "updated": "2020-10-28T19:14:18.718Z", "status": "FM", "is_active": false}}, {"model": "orderapp.order", "pk": 7, "fields": {"user": 1, "created": "2020-10-28T19:23:37.967Z", "updated": "2020-10-28T19:37:29.545Z", "status": "STP", "is_active": true}}, {"model": "orderapp.order", "pk": 8, "fields": {"user": 1, "created": "2020-10-28T19:37:38.905Z", "updated": "2020-10-28T19:37:39.324Z", "status": "FM", "is_active": false}}, {"model": "orderapp.order", "pk": 9, "fields": {"user": 1, "created": "2020-10-28T19:37:49.175Z", "updated": "2020-10-28T19:37:56.229Z", "status": "STP", "is_active": true}}, {"model": "orderapp.order", "pk": 10, "fields": {"user": 1, "created": "2020-10-30T17:39:10.152Z", "updated": "2020-11-01T13:09:50.267Z", "status": "FM", "is_active": false}}, {"model": "orderapp.order", "pk": 11, "fields": {"user": 1, "created": "2020-10-30T19:13:12.994Z", "updated": "2020-11-01T13:10:02.806Z", "status": "FM", "is_active": false}}, {"model": "orderapp.order", "pk": 12, "fields": {"user": 1, "created": "2020-10-30T19:17:11.882Z", "updated": "2020-11-01T13:10:34.221Z", "status": "FM", "is_active": false}}, {"model": "orderapp.order", "pk": 13, "fields": {"user": 1, "created": "2020-10-30T19:22:18.740Z", "updated": "2020-11-01T13:10:52.029Z", "status": "FM", "is_active": false}}, {"model": "orderapp.order", "pk": 14, "fields": {"user": 1, "created": "2020-10-30T19:33:20.542Z", "updated": "2020-10-30T19:33:20.829Z", "status": "FM", "is_active": false}}, {"model": "orderapp.order", "pk": 15, "fields": {"user": 1, "created": "2020-11-01T11:52:15.094Z", "updated": "2020-11-01T13:10:56.841Z", "status": "FM", "is_active": false}}, {"model": "orderapp.order", "pk": 16, "fields": {"user": 1, "created": "2020-11-01T12:59:46.264Z", "updated": "2020-11-01T13:02:23.642Z", "status": "FM", "is_active": false}}, {"model": "orderapp.order", "pk": 17, "fields": {"user": 1, "created": "2020-11-01T13:02:58.476Z", "updated": "2020-11-01T13:03:47.846Z", "status": "FM", "is_active": false}}, {"model": "orderapp.order", "pk": 18, "fields": {"user": 1, "created": "2020-11-01T13:04:09.058Z", "updated": "2020-11-01T13:11:09.200Z", "status": "FM", "is_active": false}}, {"model": "orderapp.order", "pk": 19, "fields": {"user": 1, "created": "2020-11-01T13:04:16.159Z", "updated": "2020-11-16T11:57:05.711Z", "status": "FM", "is_active": true}}, {"model": "orderapp.order", "pk": 20, "fields": {"user": 1, "created": "2020-11-01T13:13:55.199Z", "updated": "2020-11-01T13:14:04.506Z", "status": "FM", "is_active": false}}, {"model": "orderapp.order", "pk": 21, "fields": {"user": 1, "created": "2020-11-01T13:14:32.154Z", "updated": "2020-11-01T13:14:57.773Z", "status": "FM", "is_active": false}}, {"model": "orderapp.order", "pk": 22, "fields": {"user": 1, "created": "2020-11-01T14:39:51.430Z", "updated": "2020-11-01T14:45:06.053Z", "status": "FM", "is_active": false}}, {"model": "orderapp.order", "pk": 23, "fields": {"user": 1, "created": "2020-11-01T14:45:00.997Z", "updated": "2020-11-03T14:39:28.974Z", "status": "FM", "is_active": true}}, {"model": "orderapp.order", "pk": 24, "fields": {"user": 1, "created": "2020-11-03T14:42:33.820Z", "updated": "2020-11-16T11:56:48.552Z", "status": "FM", "is_active": true}}, {"model": "orderapp.order", "pk": 25, "fields": {"user": 1, "created": "2020-11-16T11:57:30.934Z", "updated": "2020-11-16T11:57:31.067Z", "status": "FM", "is_active": true}}, {"model": "orderapp.orderitem", "pk": 1, "fields": {"order": 1, "product": 1, "quantity": 1}}, {"model": "orderapp.orderitem", "pk": 2, "fields": {"order": 2, "product": 11, "quantity": 1}}, {"model": "orderapp.orderitem", "pk": 3, "fields": {"order": 2, "product": 5, "quantity": 1}}, {"model": "orderapp.orderitem", "pk": 4, "fields": {"order": 2, "product": 7, "quantity": 1}}, {"model": "orderapp.orderitem", "pk": 5, "fields": {"order": 3, "product": 4, "quantity": 1}}, {"model": "orderapp.orderitem", "pk": 6, "fields": {"order": 3, "product": 4, "quantity": 1}}, {"model": "orderapp.orderitem", "pk": 7, "fields": {"order": 3, "product": 4, "quantity": 5}}, {"model": "orderapp.orderitem", "pk": 8, "fields": {"order": 4, "product": 9, "quantity": 1}}, {"model": "orderapp.orderitem", "pk": 9, "fields": {"order": 5, "product": 9, "quantity": 1}}, {"model": "orderapp.orderitem", "pk": 10, "fields": {"order": 6, "product": 9, "quantity": 1}}, {"model": "orderapp.orderitem", "pk": 11, "fields": {"order": 7, "product": 11, "quantity": 1}}, {"model": "orderapp.orderitem", "pk": 12, "fields": {"order": 7, "product": 2, "quantity": 2}}, {"model": "orderapp.orderitem", "pk": 13, "fields": {"order": 7, "product": 6, "quantity": 1}}, {"model": "orderapp.orderitem", "pk": 14, "fields": {"order": 8, "product": 12, "quantity": 0}}, {"model": "orderapp.orderitem", "pk": 15, "fields": {"order": 9, "product": 12, "quantity": 1}}, {"model": "orderapp.orderitem", "pk": 16, "fields": {"order": 10, "product": 2, "quantity": 1}}, {"model": "orderapp.orderitem", "pk": 17, "fields": {"order": 11, "product": 11, "quantity": 1}}, {"model": "orderapp.orderitem", "pk": 18, "fields": {"order": 12, "product": 7, "quantity": 3}}, {"model": "orderapp.orderitem", "pk": 19, "fields": {"order": 13, "product": 2, "quantity": 3}}, {"model": "orderapp.orderitem", "pk": 20, "fields": {"order": 13, "product": 7, "quantity": 1}}, {"model": "orderapp.orderitem", "pk": 21, "fields": {"order": 15, "product": 7, "quantity": 1}}, {"model": "orderapp.orderitem", "pk": 22, "fields": {"order": 16, "product": 1, "quantity": 3}}, {"model": "orderapp.orderitem", "pk": 23, "fields": {"order": 17, "product": 1, "quantity": 1}}, {"model": "orderapp.orderitem", "pk": 24, "fields": {"order": 18, "product": 1, "quantity": 1}}, {"model": "orderapp.orderitem", "pk": 25, "fields": {"order": 19, "product": 1, "quantity": 1}}, {"model": "orderapp.orderitem", "pk": 26, "fields": {"order": 20, "product": 1, "quantity": 3}}, {"model": "orderapp.orderitem", "pk": 27, "fields": {"order": 21, "product": 1, "quantity": 2}}, {"model": "orderapp.orderitem", "pk": 28, "fields": {"order": 22, "product": 11, "quantity": 1}}, {"model": "orderapp.orderitem", "pk": 29, "fields": {"order": 22, "product": 13, "quantity": 1}}, {"model": "orderapp.orderitem", "pk": 30, "fields": {"order": 22, "product": 19, "quantity": 1}}, {"model": "orderapp.orderitem", "pk": 31, "fields": {"order": 23, "product": 2, "quantity": 1}}, {"model": "orderapp.orderitem", "pk": 35, "fields": {"order": 23, "product": 6, "quantity": 0}}, {"model": "orderapp.orderitem", "pk": 36, "fields": {"order": 24, "product": 4, "quantity": 1}}, {"model": "orderapp.orderitem", "pk": 37, "fields": {"order": 24, "product": 11, "quantity": 1}}, {"model": "orderapp.orderitem", "pk": 38, "fields": {"order": 24, "product": 4, "quantity": 1}}, {"model": "orderapp.orderitem", "pk": 40, "fields": {"order": 24, "product": 9, "quantity": 2}}, {"model": "orderapp.orderitem", "pk": 42, "fields": {"order": 25, "product": 5, "quantity": 1}}, {"model": "orderapp.orderitem", "pk": 43, "fields": {"order": 25, "product": 8, "quantity": 1}}, {"model": "admin.logentry", "pk": 1, "fields": {"action_time": "2020-09-30T19:39:37.491Z", "user": 1, "content_type": 9, "object_id": "2", "object_repr": "kyerd", "action_flag": 2, "change_message": "[{\"changed\": {\"fields\": [\"is_staff\"]}}]"}}, {"model": "admin.logentry", "pk": 2, "fields": {"action_time": "2020-09-30T19:59:50.684Z", "user": 1, "content_type": 9, "object_id": "3", "object_repr": "Kyerd", "action_flag": 3, "change_message": ""}}, {"model": "admin.logentry", "pk": 3, "fields": {"action_time": "2020-09-30T20:08:46.588Z", "user": 1, "content_type": 9, "object_id": "4", "object_repr": "Pep", "action_flag": 2, "change_message": "[{\"changed\": {\"fields\": [\"is_staff\"]}}]"}}, {"model": "admin.logentry", "pk": 4, "fields": {"action_time": "2020-10-02T15:28:44.683Z", "user": 1, "content_type": 9, "object_id": "2", "object_repr": "kyerd", "action_flag": 2, "change_message": "[{\"changed\": {\"fields\": [\"is_staff\"]}}]"}}, {"model": "admin.logentry", "pk": 5, "fields": {"action_time": "2020-10-02T15:28:49.887Z", "user": 1, "content_type": 9, "object_id": "4", "object_repr": "Pep", "action_flag": 2, "change_message": "[{\"changed\": {\"fields\": [\"is_staff\"]}}]"}}, {"model": "admin.logentry", "pk": 6, "fields": {"action_time": "2020-10-03T12:23:03.342Z", "user": 1, "content_type": 10, "object_id": "2", "object_repr": "Basket object (2)", "action_flag": 3, "change_message": ""}}, {"model": "admin.logentry", "pk": 7, "fields": {"action_time": "2020-10-03T12:23:03.480Z", "user": 1, "content_type": 10, "object_id": "1", "object_repr": "Basket object (1)", "action_flag": 3, "change_message": ""}}, {"model": "admin.logentry", "pk": 8, "fields": {"action_time": "2020-10-03T12:40:44.860Z", "user": 1, "content_type": 10, "object_id": "5", "object_repr": "Basket object (5)", "action_flag": 3, "change_message": ""}}, {"model": "admin.logentry", "pk": 9, "fields": {"action_time": "2020-10-03T12:48:35.956Z", "user": 1, "content_type": 10, "object_id": "6", "object_repr": "Basket object (6)", "action_flag": 3, "change_message": ""}}, {"model": "admin.logentry", "pk": 10, "fields": {"action_time": "2020-10-04T12:52:44.270Z", "user": 1, "content_type": 10, "object_id": "8", "object_repr": "Basket object (8)", "action_flag": 3, "change_message": ""}}, {"model": "admin.logentry", "pk": 11, "fields": {"action_time": "2020-10-06T17:56:08.190Z", "user": 1, "content_type": 10, "object_id": "11", "object_repr": "Basket object (11)", "action_flag": 3, "change_message": ""}}, {"model": "admin.logentry", "pk": 12, "fields": {"action_time": "2020-10-06T17:56:08.350Z", "user": 1, "content_type": 10, "object_id": "10", "object_repr": "Basket object (10)", "action_flag": 3, "change_message": ""}}, {"model": "admin.logentry", "pk": 13, "fields": {"action_time": "2020-10-06T17:56:08.493Z", "user": 1, "content_type": 10, "object_id": "9", "object_repr": "Basket object (9)", "action_flag": 3, "change_message": ""}}, {"model": "admin.logentry", "pk": 14, "fields": {"action_time": "2020-10-06T17:56:08.613Z", "user": 1, "content_type": 10, "object_id": "7", "object_repr": "Basket object (7)", "action_flag": 3, "change_message": ""}}, {"model": "admin.logentry", "pk": 15, "fields": {"action_time": "2020-10-06T17:56:08.746Z", "user": 1, "content_type": 10, "object_id": "4", "object_repr": "Basket object (4)", "action_flag": 3, "change_message": ""}}, {"model": "admin.logentry", "pk": 16, "fields": {"action_time": "2020-10-06T17:56:08.889Z", "user": 1, "content_type": 10, "object_id": "3", "object_repr": "Basket object (3)", "action_flag": 3, "change_message": ""}}, {"model": "admin.logentry", "pk": 17, "fields": {"action_time": "2020-10-06T20:42:17.655Z", "user": 1, "content_type": 10, "object_id": "20", "object_repr": "Basket object (20)", "action_flag": 3, "change_message": ""}}, {"model": "admin.logentry", "pk": 18, "fields": {"action_time": "2020-10-06T20:42:17.743Z", "user": 1, "content_type": 10, "object_id": "19", "object_repr": "Basket object (19)", "action_flag": 3, "change_message": ""}}, {"model": "admin.logentry", "pk": 19, "fields": {"action_time": "2020-10-06T20:42:17.863Z", "user": 1, "content_type": 10, "object_id": "18", "object_repr": "Basket object (18)", "action_flag": 3, "change_message": ""}}, {"model": "admin.logentry", "pk": 20, "fields": {"action_time": "2020-10-06T20:42:17.995Z", "user": 1, "content_type": 10, "object_id": "17", "object_repr": "Basket object (17)", "action_flag": 3, "change_message": ""}}, {"model": "admin.logentry", "pk": 21, "fields": {"action_time": "2020-10-06T20:42:18.140Z", "user": 1, "content_type": 10, "object_id": "16", "object_repr": "Basket object (16)", "action_flag": 3, "change_message": ""}}, {"model": "admin.logentry", "pk": 22, "fields": {"action_time": "2020-10-06T20:42:18.271Z", "user": 1, "content_type": 10, "object_id": "15", "object_repr": "Basket object (15)", "action_flag": 3, "change_message": ""}}, {"model": "admin.logentry", "pk": 23, "fields": {"action_time": "2020-10-06T20:42:18.391Z", "user": 1, "content_type": 10, "object_id": "14", "object_repr": "Basket object (14)", "action_flag": 3, "change_message": ""}}, {"model": "admin.logentry", "pk": 24, "fields": {"action_time": "2020-10-06T20:42:18.511Z", "user": 1, "content_type": 10, "object_id": "13", "object_repr": "Basket object (13)", "action_flag": 3, "change_message": ""}}, {"model": "admin.logentry", "pk": 25, "fields": {"action_time": "2020-10-06T20:42:18.644Z", "user": 1, "content_type": 10, "object_id": "12", "object_repr": "Basket object (12)", "action_flag": 3, "change_message": ""}}, {"model": "admin.logentry", "pk": 26, "fields": {"action_time": "2020-10-06T20:52:15.986Z", "user": 1, "content_type": 10, "object_id": "24", "object_repr": "Basket object (24)", "action_flag": 3, "change_message": ""}}, {"model": "admin.logentry", "pk": 27, "fields": {"action_time": "2020-10-06T20:52:16.168Z", "user": 1, "content_type": 10, "object_id": "23", "object_repr": "Basket object (23)", "action_flag": 3, "change_message": ""}}, {"model": "admin.logentry", "pk": 28, "fields": {"action_time": "2020-10-06T20:52:16.282Z", "user": 1, "content_type": 10, "object_id": "22", "object_repr": "Basket object (22)", "action_flag": 3, "change_message": ""}}, {"model": "admin.logentry", "pk": 29, "fields": {"action_time": "2020-10-06T20:52:16.415Z", "user": 1, "content_type": 10, "object_id": "21", "object_repr": "Basket object (21)", "action_flag": 3, "change_message": ""}}]